Language,Count,Percent
Java,267,0.543788187
JavaScript,264,0.537678208
PHP,62,0.126272912
Python,168,0.342158859
C#,29,0.059063136
C++,169,0.344195519
Perl,41,0.083503055
CSS,140,0.285132383
C,103,0.209775967
Obj-C,59,0.120162933
Shell,149,0.303462322
R,15,0.030549898
Ruby,38,0.077393075
Scala,25,0.050916497
Go,13,0.026476578
Haskell,6,0.012219959
Swift,20,0.040733198
Matlab,10,0.020366599
Clojure,1,0.00203666
Groovy,26,0.052953157